location,prediction,lower,upper
kyoto,92.56584320052296,90.6629639842094,124.37271964447449
liestal,87.58001202429146,75.31526717301381,115.7935333099604
washingtondc,88.45798437684833,74.5714031017409,91.61990150169864
newyorkcity,89.37484273917113,76.21846928856465,103.81587353156006
vancouver,86.97694317185508,73.8205697212486,101.41797396424404
