location,prediction,lower,upper
liestal,87.58001202429146,75.31526717301381,115.79353330996041
