prediction,lower,upper,location
89.37484273917113,76.21846928856465,103.81587353156006,newyorkcity
