location,prediction,lower,upper
washingtondc,88.45798437684833,74.5714031017409,91.61990150169864
