location,prediction,lower,upper
kyoto,92.56584320052296,90.6629639842094,124.37271964447447
