prediction,lower,upper,location
86.97694317185508,73.8205697212486,101.41797396424403,vancouver
